524,35533115997,Jared,Ely,jared.ely@sakilacustomer.org
1,28303384290,Mary,Smith,mary.smith@sakilacustomer.org
2,838635286649,Patricia,Johnson,patricia.johnson@sakilacustomer.org
3,448477190408,Linda,Williams,linda.williams@sakilacustomer.org
4,705814003527,Barbara,Jones,barbara.jones@sakilacustomer.org
5,10655648674,Elizabeth,Brown,elizabeth.brown@sakilacustomer.org
6,860452626434,Jennifer,Davis,jennifer.davis@sakilacustomer.org
7,716571220373,Maria,Miller,maria.miller@sakilacustomer.org
8,657282285970,Susan,Wilson,susan.wilson@sakilacustomer.org
9,380657522649,Margaret,Moore,margaret.moore@sakilacustomer.org
10,648856936185,Dorothy,Taylor,dorothy.taylor@sakilacustomer.org
11,635297277345,Lisa,Anderson,lisa.anderson@sakilacustomer.org
12,465887807014,Nancy,Thomas,nancy.thomas@sakilacustomer.org
13,695479687538,Karen,Jackson,karen.jackson@sakilacustomer.org
14,517338314235,Betty,White,betty.white@sakilacustomer.org
15,990911107354,Helen,Harris,helen.harris@sakilacustomer.org
16,949312333307,Sandra,Martin,sandra.martin@sakilacustomer.org
17,407752414682,Donna,Thompson,donna.thompson@sakilacustomer.org
18,747791594069,Carol,Garcia,carol.garcia@sakilacustomer.org
19,272572357893,Ruth,Martinez,ruth.martinez@sakilacustomer.org
20,144453869132,Sharon,Robinson,sharon.robinson@sakilacustomer.org
21,892775750063,Michelle,Clark,michelle.clark@sakilacustomer.org
22,161968374323,Laura,Rodriguez,laura.rodriguez@sakilacustomer.org
23,902731229323,Sarah,Lewis,sarah.lewis@sakilacustomer.org
24,934730187245,Kimberly,Lee,kimberly.lee@sakilacustomer.org
25,196495945706,Deborah,Walker,deborah.walker@sakilacustomer.org
26,998009777982,Jessica,Hall,jessica.hall@sakilacustomer.org
27,665356572025,Shirley,Allen,shirley.allen@sakilacustomer.org
28,678220867005,Cynthia,Young,cynthia.young@sakilacustomer.org
29,18461860151,Angela,Hernandez,angela.hernandez@sakilacustomer.org
30,525255540978,Melissa,King,melissa.king@sakilacustomer.org
31,745994947458,Brenda,Wright,brenda.wright@sakilacustomer.org
32,627705991774,Amy,Lopez,amy.lopez@sakilacustomer.org
33,911872220378,Anna,Hill,anna.hill@sakilacustomer.org
34,708403338270,Rebecca,Scott,rebecca.scott@sakilacustomer.org
35,440512153169,Virginia,Green,virginia.green@sakilacustomer.org
36,481183273622,Kathleen,Adams,kathleen.adams@sakilacustomer.org
37,912257250465,Pamela,Baker,pamela.baker@sakilacustomer.org
38,489783829737,Martha,Gonzalez,martha.gonzalez@sakilacustomer.org
39,378318851631,Debra,Nelson,debra.nelson@sakilacustomer.org
40,680768868518,Amanda,Carter,amanda.carter@sakilacustomer.org
41,42384721397,Stephanie,Mitchell,stephanie.mitchell@sakilacustomer.org
42,471675840679,Carolyn,Perez,carolyn.perez@sakilacustomer.org
43,539758313890,Christine,Roberts,christine.roberts@sakilacustomer.org
44,177727722820,Marie,Turner,marie.turner@sakilacustomer.org
45,675292816413,Janet,Phillips,janet.phillips@sakilacustomer.org
46,262076994845,Catherine,Campbell,catherine.campbell@sakilacustomer.org
47,69493378813,Frances,Parker,frances.parker@sakilacustomer.org
48,705800322606,Ann,Evans,ann.evans@sakilacustomer.org
49,876295323994,Joyce,Edwards,joyce.edwards@sakilacustomer.org
50,307703950263,Diane,Collins,diane.collins@sakilacustomer.org
51,171822533480,Alice,Stewart,alice.stewart@sakilacustomer.org
52,680428310138,Julie,Sanchez,julie.sanchez@sakilacustomer.org
53,697760867968,Heather,Morris,heather.morris@sakilacustomer.org
54,920811325222,Teresa,Rogers,teresa.rogers@sakilacustomer.org
55,499352017190,Doris,Reed,doris.reed@sakilacustomer.org
56,347487831378,Gloria,Cook,gloria.cook@sakilacustomer.org
57,889318963672,Evelyn,Morgan,evelyn.morgan@sakilacustomer.org
58,212869228936,Jean,Bell,jean.bell@sakilacustomer.org
59,800024380485,Cheryl,Murphy,cheryl.murphy@sakilacustomer.org
60,250767749542,Mildred,Bailey,mildred.bailey@sakilacustomer.org
61,1395251317,Katherine,Rivera,katherine.rivera@sakilacustomer.org
62,914090181665,Joan,Cooper,joan.cooper@sakilacustomer.org
63,491001136577,Ashley,Richardson,ashley.richardson@sakilacustomer.org
64,333489324603,Judith,Cox,judith.cox@sakilacustomer.org
65,409983924481,Rose,Howard,rose.howard@sakilacustomer.org
66,663449333709,Janice,Ward,janice.ward@sakilacustomer.org
67,947233365992,Kelly,Torres,kelly.torres@sakilacustomer.org
68,990214419142,Nicole,Peterson,nicole.peterson@sakilacustomer.org
69,107137400143,Judy,Gray,judy.gray@sakilacustomer.org
70,407733804223,Christina,Ramirez,christina.ramirez@sakilacustomer.org
71,565018274456,Kathy,James,kathy.james@sakilacustomer.org
72,255800440636,Theresa,Watson,theresa.watson@sakilacustomer.org
73,427454485876,Beverly,Brooks,beverly.brooks@sakilacustomer.org
74,241832790687,Denise,Kelly,denise.kelly@sakilacustomer.org
75,251164340471,Tammy,Sanders,tammy.sanders@sakilacustomer.org
76,896314772871,Irene,Price,irene.price@sakilacustomer.org
77,918711376618,Jane,Bennett,jane.bennett@sakilacustomer.org
78,875756771675,Lori,Wood,lori.wood@sakilacustomer.org
79,18581624103,Rachel,Barnes,rachel.barnes@sakilacustomer.org
80,701457319790,Marilyn,Ross,marilyn.ross@sakilacustomer.org
81,223664661973,Andrea,Henderson,andrea.henderson@sakilacustomer.org
82,821972242086,Kathryn,Coleman,kathryn.coleman@sakilacustomer.org
83,800716535041,Louise,Jenkins,louise.jenkins@sakilacustomer.org
84,48417642933,Sara,Perry,sara.perry@sakilacustomer.org
85,720998247660,Anne,Powell,anne.powell@sakilacustomer.org
86,135117278909,Jacqueline,Long,jacqueline.long@sakilacustomer.org
87,198123170793,Wanda,Patterson,wanda.patterson@sakilacustomer.org
88,978987363654,Bonnie,Hughes,bonnie.hughes@sakilacustomer.org
89,846225459260,Julia,Flores,julia.flores@sakilacustomer.org
90,991562402283,Ruby,Washington,ruby.washington@sakilacustomer.org
91,345679835036,Lois,Butler,lois.butler@sakilacustomer.org
92,132986892228,Tina,Simmons,tina.simmons@sakilacustomer.org
93,275595571388,Phyllis,Foster,phyllis.foster@sakilacustomer.org
94,835433605312,Norma,Gonzales,norma.gonzales@sakilacustomer.org
95,4764773857,Paula,Bryant,paula.bryant@sakilacustomer.org
96,6171054059,Diana,Alexander,diana.alexander@sakilacustomer.org
97,817248913162,Annie,Russell,annie.russell@sakilacustomer.org
98,412903167998,Lillian,Griffin,lillian.griffin@sakilacustomer.org
99,333339908719,Emily,Diaz,emily.diaz@sakilacustomer.org
100,942570536750,Robin,Hayes,robin.hayes@sakilacustomer.org
101,196568435814,Peggy,Myers,peggy.myers@sakilacustomer.org
102,709935135487,Crystal,Ford,crystal.ford@sakilacustomer.org
103,484292626944,Gladys,Hamilton,gladys.hamilton@sakilacustomer.org
104,449216226468,Rita,Graham,rita.graham@sakilacustomer.org
105,963887147572,Dawn,Sullivan,dawn.sullivan@sakilacustomer.org
106,547003310357,Connie,Wallace,connie.wallace@sakilacustomer.org
107,330838016880,Florence,Woods,florence.woods@sakilacustomer.org
108,371490777743,Tracy,Cole,tracy.cole@sakilacustomer.org
109,622255216127,Edna,West,edna.west@sakilacustomer.org
110,379804592943,Tiffany,Jordan,tiffany.jordan@sakilacustomer.org
111,272234298332,Carmen,Owens,carmen.owens@sakilacustomer.org
112,824370924746,Rosa,Reynolds,rosa.reynolds@sakilacustomer.org
113,358178933857,Cindy,Fisher,cindy.fisher@sakilacustomer.org
114,886636413768,Grace,Ellis,grace.ellis@sakilacustomer.org
115,867546627903,Wendy,Harrison,wendy.harrison@sakilacustomer.org
116,386759646229,Victoria,Gibson,victoria.gibson@sakilacustomer.org
117,577812616052,Edith,Mcdonald,edith.mcdonald@sakilacustomer.org
118,909029256431,Kim,Cruz,kim.cruz@sakilacustomer.org
119,787654415858,Sherry,Marshall,sherry.marshall@sakilacustomer.org
120,765345144779,Sylvia,Ortiz,sylvia.ortiz@sakilacustomer.org
121,665993880048,Josephine,Gomez,josephine.gomez@sakilacustomer.org
122,937222955822,Thelma,Murray,thelma.murray@sakilacustomer.org
123,677976133614,Shannon,Freeman,shannon.freeman@sakilacustomer.org
124,614935229095,Sheila,Wells,sheila.wells@sakilacustomer.org
125,490211944645,Ethel,Webb,ethel.webb@sakilacustomer.org
126,582835362905,Ellen,Simpson,ellen.simpson@sakilacustomer.org
127,237426099212,Elaine,Stevens,elaine.stevens@sakilacustomer.org
128,973047364353,Marjorie,Tucker,marjorie.tucker@sakilacustomer.org
129,509492324775,Carrie,Porter,carrie.porter@sakilacustomer.org
130,935448624185,Charlotte,Hunter,charlotte.hunter@sakilacustomer.org
131,252265130067,Monica,Hicks,monica.hicks@sakilacustomer.org
132,707169393853,Esther,Crawford,esther.crawford@sakilacustomer.org
133,321944036800,Pauline,Henry,pauline.henry@sakilacustomer.org
134,23712411567,Emma,Boyd,emma.boyd@sakilacustomer.org
135,90921003005,Juanita,Mason,juanita.mason@sakilacustomer.org
136,146497509724,Anita,Morales,anita.morales@sakilacustomer.org
137,963369996279,Rhonda,Kennedy,rhonda.kennedy@sakilacustomer.org
138,468060467018,Hazel,Warren,hazel.warren@sakilacustomer.org
139,33173584456,Amber,Dixon,amber.dixon@sakilacustomer.org
140,9099941466,Eva,Ramos,eva.ramos@sakilacustomer.org
141,581852137991,Debbie,Reyes,debbie.reyes@sakilacustomer.org
142,581174211853,April,Burns,april.burns@sakilacustomer.org
143,923261616249,Leslie,Gordon,leslie.gordon@sakilacustomer.org
144,563660187896,Clara,Shaw,clara.shaw@sakilacustomer.org
145,918032330119,Lucille,Holmes,lucille.holmes@sakilacustomer.org
146,206841104594,Jamie,Rice,jamie.rice@sakilacustomer.org
147,597815221267,Joanne,Robertson,joanne.robertson@sakilacustomer.org
148,354615066969,Eleanor,Hunt,eleanor.hunt@sakilacustomer.org
149,885899703621,Valerie,Black,valerie.black@sakilacustomer.org
150,632316273199,Danielle,Daniels,danielle.daniels@sakilacustomer.org
151,189446090264,Megan,Palmer,megan.palmer@sakilacustomer.org
152,761379480249,Alicia,Mills,alicia.mills@sakilacustomer.org
153,719202533520,Suzanne,Nichols,suzanne.nichols@sakilacustomer.org
154,499408708580,Michele,Grant,michele.grant@sakilacustomer.org
155,904253967161,Gail,Knight,gail.knight@sakilacustomer.org
156,889538496300,Bertha,Ferguson,bertha.ferguson@sakilacustomer.org
157,368899174225,Darlene,Rose,darlene.rose@sakilacustomer.org
158,170117068815,Veronica,Stone,veronica.stone@sakilacustomer.org
159,931059836497,Jill,Hawkins,jill.hawkins@sakilacustomer.org
160,149981248346,Erin,Dunn,erin.dunn@sakilacustomer.org
161,177167004331,Geraldine,Perkins,geraldine.perkins@sakilacustomer.org
162,168476538960,Lauren,Hudson,lauren.hudson@sakilacustomer.org
163,819416131190,Cathy,Spencer,cathy.spencer@sakilacustomer.org
164,697151428760,Joann,Gardner,joann.gardner@sakilacustomer.org
165,935508855935,Lorraine,Stephens,lorraine.stephens@sakilacustomer.org
166,843801144113,Lynn,Payne,lynn.payne@sakilacustomer.org
167,182363341674,Sally,Pierce,sally.pierce@sakilacustomer.org
168,201705577290,Regina,Berry,regina.berry@sakilacustomer.org
169,161801569569,Erica,Matthews,erica.matthews@sakilacustomer.org
170,264541743403,Beatrice,Arnold,beatrice.arnold@sakilacustomer.org
171,275788967899,Dolores,Wagner,dolores.wagner@sakilacustomer.org
172,734780743462,Bernice,Willis,bernice.willis@sakilacustomer.org
173,493008546874,Audrey,Ray,audrey.ray@sakilacustomer.org
174,48265851133,Yvonne,Watkins,yvonne.watkins@sakilacustomer.org
175,230250973122,Annette,Olson,annette.olson@sakilacustomer.org
176,506134035434,June,Carroll,june.carroll@sakilacustomer.org
177,953689007081,Samantha,Duncan,samantha.duncan@sakilacustomer.org
178,391065549876,Marion,Snyder,marion.snyder@sakilacustomer.org
179,866092335135,Dana,Hart,dana.hart@sakilacustomer.org
180,104150372603,Stacy,Cunningham,stacy.cunningham@sakilacustomer.org
181,72136330362,Ana,Bradley,ana.bradley@sakilacustomer.org
182,662227486184,Renee,Lane,renee.lane@sakilacustomer.org
183,947468818183,Ida,Andrews,ida.andrews@sakilacustomer.org
184,302590383819,Vivian,Ruiz,vivian.ruiz@sakilacustomer.org
185,951486492670,Roberta,Harper,roberta.harper@sakilacustomer.org
186,760171523969,Holly,Fox,holly.fox@sakilacustomer.org
187,855863906434,Brittany,Riley,brittany.riley@sakilacustomer.org
188,650752094490,Melanie,Armstrong,melanie.armstrong@sakilacustomer.org
189,247646995453,Loretta,Carpenter,loretta.carpenter@sakilacustomer.org
190,352469351088,Yolanda,Weaver,yolanda.weaver@sakilacustomer.org
191,812824036424,Jeanette,Greene,jeanette.greene@sakilacustomer.org
192,956188728558,Laurie,Lawrence,laurie.lawrence@sakilacustomer.org
193,940830176580,Katie,Elliott,katie.elliott@sakilacustomer.org
194,104491201771,Kristen,Chavez,kristen.chavez@sakilacustomer.org
195,419419591240,Vanessa,Sims,vanessa.sims@sakilacustomer.org
196,331132568928,Alma,Austin,alma.austin@sakilacustomer.org
197,264286442804,Sue,Peters,sue.peters@sakilacustomer.org
198,768481779568,Elsie,Kelley,elsie.kelley@sakilacustomer.org
199,470884141195,Beth,Franklin,beth.franklin@sakilacustomer.org
200,764477681869,Jeanne,Lawson,jeanne.lawson@sakilacustomer.org
201,146640639760,Vicki,Fields,vicki.fields@sakilacustomer.org
202,369050085652,Carla,Gutierrez,carla.gutierrez@sakilacustomer.org
203,652218196731,Tara,Ryan,tara.ryan@sakilacustomer.org
204,646237101779,Rosemary,Schmidt,rosemary.schmidt@sakilacustomer.org
205,905903574913,Eileen,Carr,eileen.carr@sakilacustomer.org
206,90336226227,Terri,Vasquez,terri.vasquez@sakilacustomer.org
207,403404780639,Gertrude,Castillo,gertrude.castillo@sakilacustomer.org
208,49677664184,Lucy,Wheeler,lucy.wheeler@sakilacustomer.org
209,95666951770,Tonya,Chapman,tonya.chapman@sakilacustomer.org
210,756460337785,Ella,Oliver,ella.oliver@sakilacustomer.org
211,408304391718,Stacey,Montgomery,stacey.montgomery@sakilacustomer.org
212,168758068397,Wilma,Richards,wilma.richards@sakilacustomer.org
213,584316724815,Gina,Williamson,gina.williamson@sakilacustomer.org
214,785881412500,Kristin,Johnston,kristin.johnston@sakilacustomer.org
215,352679173732,Jessie,Banks,jessie.banks@sakilacustomer.org
216,873492228462,Natalie,Meyer,natalie.meyer@sakilacustomer.org
217,778502731092,Agnes,Bishop,agnes.bishop@sakilacustomer.org
218,886649065861,Vera,Mccoy,vera.mccoy@sakilacustomer.org
219,991802825778,Willie,Howell,willie.howell@sakilacustomer.org
220,706878974831,Charlene,Alvarez,charlene.alvarez@sakilacustomer.org
221,469738825391,Bessie,Morrison,bessie.morrison@sakilacustomer.org
222,516331171356,Delores,Hansen,delores.hansen@sakilacustomer.org
223,99760893676,Melinda,Fernandez,melinda.fernandez@sakilacustomer.org
224,963063788669,Pearl,Garza,pearl.garza@sakilacustomer.org
225,460795526514,Arlene,Harvey,arlene.harvey@sakilacustomer.org
226,684192903087,Maureen,Little,maureen.little@sakilacustomer.org
227,669828224459,Colleen,Burton,colleen.burton@sakilacustomer.org
228,594319417514,Allison,Stanley,allison.stanley@sakilacustomer.org
229,22326410776,Tamara,Nguyen,tamara.nguyen@sakilacustomer.org
230,479007229460,Joy,George,joy.george@sakilacustomer.org
231,541327526474,Georgia,Jacobs,georgia.jacobs@sakilacustomer.org
232,588964509072,Constance,Reid,constance.reid@sakilacustomer.org
233,431770603551,Lillie,Kim,lillie.kim@sakilacustomer.org
234,630424482919,Claudia,Fuller,claudia.fuller@sakilacustomer.org
235,610173756082,Jackie,Lynch,jackie.lynch@sakilacustomer.org
236,727785483194,Marcia,Dean,marcia.dean@sakilacustomer.org
237,792557457753,Tanya,Gilbert,tanya.gilbert@sakilacustomer.org
238,918119601885,Nellie,Garrett,nellie.garrett@sakilacustomer.org
239,63937119031,Minnie,Romero,minnie.romero@sakilacustomer.org
240,137773001988,Marlene,Welch,marlene.welch@sakilacustomer.org
241,279979529227,Heidi,Larson,heidi.larson@sakilacustomer.org
242,890283544295,Glenda,Frazier,glenda.frazier@sakilacustomer.org
243,686015532180,Lydia,Burke,lydia.burke@sakilacustomer.org
244,569868543137,Viola,Hanson,viola.hanson@sakilacustomer.org
245,890289150158,Courtney,Day,courtney.day@sakilacustomer.org
246,741070712873,Marian,Mendoza,marian.mendoza@sakilacustomer.org
247,266798132374,Stella,Moreno,stella.moreno@sakilacustomer.org
248,435785045362,Caroline,Bowman,caroline.bowman@sakilacustomer.org
249,56257502250,Dora,Medina,dora.medina@sakilacustomer.org
250,716256596301,Jo,Fowler,jo.fowler@sakilacustomer.org
251,567359279425,Vickie,Brewer,vickie.brewer@sakilacustomer.org
252,246810237916,Mattie,Hoffman,mattie.hoffman@sakilacustomer.org
253,134673576619,Terry,Carlson,terry.carlson@sakilacustomer.org
254,840522972766,Maxine,Silva,maxine.silva@sakilacustomer.org
255,987442542471,Irma,Pearson,irma.pearson@sakilacustomer.org
256,884536620568,Mabel,Holland,mabel.holland@sakilacustomer.org
257,245477603573,Marsha,Douglas,marsha.douglas@sakilacustomer.org
258,46871694740,Myrtle,Fleming,myrtle.fleming@sakilacustomer.org
259,538241037443,Lena,Jensen,lena.jensen@sakilacustomer.org
260,276555730211,Christy,Vargas,christy.vargas@sakilacustomer.org
261,265153400632,Deanna,Byrd,deanna.byrd@sakilacustomer.org
262,282874611748,Patsy,Davidson,patsy.davidson@sakilacustomer.org
263,322888976727,Hilda,Hopkins,hilda.hopkins@sakilacustomer.org
264,303967439816,Gwendolyn,May,gwendolyn.may@sakilacustomer.org
265,475553436330,Jennie,Terry,jennie.terry@sakilacustomer.org
266,621625204422,Nora,Herrera,nora.herrera@sakilacustomer.org
267,192459639410,Margie,Wade,margie.wade@sakilacustomer.org
268,357445645426,Nina,Soto,nina.soto@sakilacustomer.org
269,685010736240,Cassandra,Walters,cassandra.walters@sakilacustomer.org
270,701767622697,Leah,Curtis,leah.curtis@sakilacustomer.org
271,271149517630,Penny,Neal,penny.neal@sakilacustomer.org
272,170739645687,Kay,Caldwell,kay.caldwell@sakilacustomer.org
273,45387294817,Priscilla,Lowe,priscilla.lowe@sakilacustomer.org
274,959949395183,Naomi,Jennings,naomi.jennings@sakilacustomer.org
275,874337098891,Carole,Barnett,carole.barnett@sakilacustomer.org
276,75975221996,Brandy,Graves,brandy.graves@sakilacustomer.org
277,363982224739,Olga,Jimenez,olga.jimenez@sakilacustomer.org
278,880756161823,Billie,Horton,billie.horton@sakilacustomer.org
279,117592274996,Dianne,Shelton,dianne.shelton@sakilacustomer.org
280,85059738746,Tracey,Barrett,tracey.barrett@sakilacustomer.org
281,583021225407,Leona,Obrien,leona.obrien@sakilacustomer.org
282,62781725285,Jenny,Castro,jenny.castro@sakilacustomer.org
283,790651020929,Felicia,Sutton,felicia.sutton@sakilacustomer.org
284,195003555232,Sonia,Gregory,sonia.gregory@sakilacustomer.org
285,341242939532,Miriam,Mckinney,miriam.mckinney@sakilacustomer.org
286,558236142492,Velma,Lucas,velma.lucas@sakilacustomer.org
287,648482415405,Becky,Miles,becky.miles@sakilacustomer.org
288,957128697225,Bobbie,Craig,bobbie.craig@sakilacustomer.org
289,172262454487,Violet,Rodriquez,violet.rodriquez@sakilacustomer.org
290,892523334,Kristina,Chambers,kristina.chambers@sakilacustomer.org
291,976798660411,Toni,Holt,toni.holt@sakilacustomer.org
292,350970907017,Misty,Lambert,misty.lambert@sakilacustomer.org
293,96604821070,Mae,Fletcher,mae.fletcher@sakilacustomer.org
294,967274728547,Shelly,Watts,shelly.watts@sakilacustomer.org
295,816436065431,Daisy,Bates,daisy.bates@sakilacustomer.org
296,429925609431,Ramona,Hale,ramona.hale@sakilacustomer.org
297,510737228015,Sherri,Rhodes,sherri.rhodes@sakilacustomer.org
298,161643343536,Erika,Pena,erika.pena@sakilacustomer.org
299,710603868323,James,Gannon,james.gannon@sakilacustomer.org
300,51917807050,John,Farnsworth,john.farnsworth@sakilacustomer.org
301,96110042435,Robert,Baughman,robert.baughman@sakilacustomer.org
302,108053751300,Michael,Silverman,michael.silverman@sakilacustomer.org
303,407218522294,William,Satterfield,william.satterfield@sakilacustomer.org
304,504434452842,David,Royal,david.royal@sakilacustomer.org
305,262088367001,Richard,Mccrary,richard.mccrary@sakilacustomer.org
306,181179321332,Charles,Kowalski,charles.kowalski@sakilacustomer.org
307,573441801529,Joseph,Joy,joseph.joy@sakilacustomer.org
308,983259819766,Thomas,Grigsby,thomas.grigsby@sakilacustomer.org
309,806016930576,Christopher,Greco,christopher.greco@sakilacustomer.org
310,103602195112,Daniel,Cabral,daniel.cabral@sakilacustomer.org
311,688485191923,Paul,Trout,paul.trout@sakilacustomer.org
312,824396883951,Mark,Rinehart,mark.rinehart@sakilacustomer.org
313,613124286867,Donald,Mahon,donald.mahon@sakilacustomer.org
314,704948322302,George,Linton,george.linton@sakilacustomer.org
315,508800331065,Kenneth,Gooden,kenneth.gooden@sakilacustomer.org
316,139378397418,Steven,Curley,steven.curley@sakilacustomer.org
317,46568045367,Edward,Baugh,edward.baugh@sakilacustomer.org
318,556100547674,Brian,Wyman,brian.wyman@sakilacustomer.org
319,674805712553,Ronald,Weiner,ronald.weiner@sakilacustomer.org
320,478229987054,Anthony,Schwab,anthony.schwab@sakilacustomer.org
321,908029859266,Kevin,Schuler,kevin.schuler@sakilacustomer.org
322,972574862516,Jason,Morrissey,jason.morrissey@sakilacustomer.org
323,869051782691,Matthew,Mahan,matthew.mahan@sakilacustomer.org
324,168884817145,Gary,Coy,gary.coy@sakilacustomer.org
325,829116184079,Timothy,Bunn,timothy.bunn@sakilacustomer.org
326,961370847344,Jose,Andrew,jose.andrew@sakilacustomer.org
327,834418779292,Larry,Thrasher,larry.thrasher@sakilacustomer.org
328,38158430589,Jeffrey,Spear,jeffrey.spear@sakilacustomer.org
329,965273813662,Frank,Waggoner,frank.waggoner@sakilacustomer.org
330,165450987037,Scott,Shelley,scott.shelley@sakilacustomer.org
331,105470691550,Eric,Robert,eric.robert@sakilacustomer.org
332,38988715447,Stephen,Qualls,stephen.qualls@sakilacustomer.org
333,119501405123,Andrew,Purdy,andrew.purdy@sakilacustomer.org
334,834626715837,Raymond,Mcwhorter,raymond.mcwhorter@sakilacustomer.org
335,80303246192,Gregory,Mauldin,gregory.mauldin@sakilacustomer.org
336,869507847714,Joshua,Mark,joshua.mark@sakilacustomer.org
337,647899404952,Jerry,Jordon,jerry.jordon@sakilacustomer.org
338,231383037471,Dennis,Gilman,dennis.gilman@sakilacustomer.org
339,624138001031,Walter,Perryman,walter.perryman@sakilacustomer.org
340,870635127812,Patrick,Newsom,patrick.newsom@sakilacustomer.org
341,718917251754,Peter,Menard,peter.menard@sakilacustomer.org
342,697656479977,Harold,Martino,harold.martino@sakilacustomer.org
343,895616862749,Douglas,Graf,douglas.graf@sakilacustomer.org
344,64536069371,Henry,Billingsley,henry.billingsley@sakilacustomer.org
345,20064292617,Carl,Artis,carl.artis@sakilacustomer.org
346,262744791493,Arthur,Simpkins,arthur.simpkins@sakilacustomer.org
347,627924259271,Ryan,Salisbury,ryan.salisbury@sakilacustomer.org
348,55477302294,Roger,Quintanilla,roger.quintanilla@sakilacustomer.org
349,53912826864,Joe,Gilliland,joe.gilliland@sakilacustomer.org
350,689199636560,Juan,Fraley,juan.fraley@sakilacustomer.org
351,840957664136,Jack,Foust,jack.foust@sakilacustomer.org
352,256546485220,Albert,Crouse,albert.crouse@sakilacustomer.org
353,754358349853,Jonathan,Scarborough,jonathan.scarborough@sakilacustomer.org
354,764680915323,Justin,Ngo,justin.ngo@sakilacustomer.org
355,142596392389,Terry,Grissom,terry.grissom@sakilacustomer.org
356,650496654258,Gerald,Fultz,gerald.fultz@sakilacustomer.org
357,738968474939,Keith,Rico,keith.rico@sakilacustomer.org
358,620719383725,Samuel,Marlow,samuel.marlow@sakilacustomer.org
359,296394569728,Willie,Markham,willie.markham@sakilacustomer.org
360,102396298916,Ralph,Madrigal,ralph.madrigal@sakilacustomer.org
361,845378657301,Lawrence,Lawton,lawrence.lawton@sakilacustomer.org
362,675120358494,Nicholas,Barfield,nicholas.barfield@sakilacustomer.org
363,568367775448,Roy,Whiting,roy.whiting@sakilacustomer.org
364,151249681135,Benjamin,Varney,benjamin.varney@sakilacustomer.org
365,634445428822,Bruce,Schwarz,bruce.schwarz@sakilacustomer.org
366,99883471275,Brandon,Huey,brandon.huey@sakilacustomer.org
367,166898395731,Adam,Gooch,adam.gooch@sakilacustomer.org
368,320471479776,Harry,Arce,harry.arce@sakilacustomer.org
369,561729882725,Fred,Wheat,fred.wheat@sakilacustomer.org
370,960505250340,Wayne,Truong,wayne.truong@sakilacustomer.org
371,333390595558,Billy,Poulin,billy.poulin@sakilacustomer.org
372,440365973660,Steve,Mackenzie,steve.mackenzie@sakilacustomer.org
373,45554316010,Louis,Leone,louis.leone@sakilacustomer.org
374,600264533987,Jeremy,Hurtado,jeremy.hurtado@sakilacustomer.org
375,409315295763,Aaron,Selby,aaron.selby@sakilacustomer.org
376,96846695220,Randy,Gaither,randy.gaither@sakilacustomer.org
377,342720754566,Howard,Fortner,howard.fortner@sakilacustomer.org
378,71857599858,Eugene,Culpepper,eugene.culpepper@sakilacustomer.org
379,924815207181,Carlos,Coughlin,carlos.coughlin@sakilacustomer.org
380,821476736117,Russell,Brinson,russell.brinson@sakilacustomer.org
381,934352415130,Bobby,Boudreau,bobby.boudreau@sakilacustomer.org
382,486395999608,Victor,Barkley,victor.barkley@sakilacustomer.org
383,106439158941,Martin,Bales,martin.bales@sakilacustomer.org
384,550306965159,Ernest,Stepp,ernest.stepp@sakilacustomer.org
385,776031833752,Phillip,Holm,phillip.holm@sakilacustomer.org
386,619966287415,Todd,Tan,todd.tan@sakilacustomer.org
387,900235712074,Jesse,Schilling,jesse.schilling@sakilacustomer.org
388,426255288071,Craig,Morrell,craig.morrell@sakilacustomer.org
389,464511145118,Alan,Kahn,alan.kahn@sakilacustomer.org
390,175283210378,Shawn,Heaton,shawn.heaton@sakilacustomer.org
391,667736124769,Clarence,Gamez,clarence.gamez@sakilacustomer.org
392,47808359842,Sean,Douglass,sean.douglass@sakilacustomer.org
393,737229003916,Philip,Causey,philip.causey@sakilacustomer.org
394,537374465982,Chris,Brothers,chris.brothers@sakilacustomer.org
395,765957414528,Johnny,Turpin,johnny.turpin@sakilacustomer.org
396,679095087143,Earl,Shanks,earl.shanks@sakilacustomer.org
397,604177838256,Jimmy,Schrader,jimmy.schrader@sakilacustomer.org
398,841876514789,Antonio,Meek,antonio.meek@sakilacustomer.org
399,280578750435,Danny,Isom,danny.isom@sakilacustomer.org
400,775235029633,Bryan,Hardison,bryan.hardison@sakilacustomer.org
401,794553031307,Tony,Carranza,tony.carranza@sakilacustomer.org
402,516647474029,Luis,Yanez,luis.yanez@sakilacustomer.org
403,206169448769,Mike,Way,mike.way@sakilacustomer.org
404,1483365694,Stanley,Scroggins,stanley.scroggins@sakilacustomer.org
405,779461480495,Leonard,Schofield,leonard.schofield@sakilacustomer.org
406,302526949177,Nathan,Runyon,nathan.runyon@sakilacustomer.org
407,328494873422,Dale,Ratcliff,dale.ratcliff@sakilacustomer.org
408,359478883004,Manuel,Murrell,manuel.murrell@sakilacustomer.org
409,653436985797,Rodney,Moeller,rodney.moeller@sakilacustomer.org
410,615964523510,Curtis,Irby,curtis.irby@sakilacustomer.org
411,598912394463,Norman,Currier,norman.currier@sakilacustomer.org
412,129953030512,Allen,Butterfield,allen.butterfield@sakilacustomer.org
413,480039662421,Marvin,Yee,marvin.yee@sakilacustomer.org
414,680851640676,Vincent,Ralston,vincent.ralston@sakilacustomer.org
415,855290087237,Glenn,Pullen,glenn.pullen@sakilacustomer.org
416,15273765306,Jeffery,Pinson,jeffery.pinson@sakilacustomer.org
417,214976066017,Travis,Estep,travis.estep@sakilacustomer.org
418,491271355190,Jeff,East,jeff.east@sakilacustomer.org
419,987306329957,Chad,Carbone,chad.carbone@sakilacustomer.org
420,546793516940,Jacob,Lance,jacob.lance@sakilacustomer.org
421,270456873752,Lee,Hawks,lee.hawks@sakilacustomer.org
422,368284120423,Melvin,Ellington,melvin.ellington@sakilacustomer.org
423,129673677866,Alfred,Casillas,alfred.casillas@sakilacustomer.org
424,736517327853,Kyle,Spurlock,kyle.spurlock@sakilacustomer.org
425,548003849552,Francis,Sikes,francis.sikes@sakilacustomer.org
426,157133457169,Bradley,Motley,bradley.motley@sakilacustomer.org
427,419009857119,Jesus,Mccartney,jesus.mccartney@sakilacustomer.org
428,307133768620,Herbert,Kruger,herbert.kruger@sakilacustomer.org
429,572068624538,Frederick,Isbell,frederick.isbell@sakilacustomer.org
430,497288595103,Ray,Houle,ray.houle@sakilacustomer.org
431,82619513349,Joel,Francisco,joel.francisco@sakilacustomer.org
432,617567598243,Edwin,Burk,edwin.burk@sakilacustomer.org
433,342709348083,Don,Bone,don.bone@sakilacustomer.org
434,959834530529,Eddie,Tomlin,eddie.tomlin@sakilacustomer.org
435,746251338300,Ricky,Shelby,ricky.shelby@sakilacustomer.org
436,145720452260,Troy,Quigley,troy.quigley@sakilacustomer.org
437,331888642162,Randall,Neumann,randall.neumann@sakilacustomer.org
438,689681677428,Barry,Lovelace,barry.lovelace@sakilacustomer.org
439,575081026569,Alexander,Fennell,alexander.fennell@sakilacustomer.org
440,82088937724,Bernard,Colby,bernard.colby@sakilacustomer.org
441,406784385440,Mario,Cheatham,mario.cheatham@sakilacustomer.org
442,240776414296,Leroy,Bustamante,leroy.bustamante@sakilacustomer.org
443,876491807547,Francisco,Skidmore,francisco.skidmore@sakilacustomer.org
444,237368926031,Marcus,Hidalgo,marcus.hidalgo@sakilacustomer.org
445,411549550611,Micheal,Forman,micheal.forman@sakilacustomer.org
446,39463554936,Theodore,Culp,theodore.culp@sakilacustomer.org
447,782900030287,Clifford,Bowens,clifford.bowens@sakilacustomer.org
448,72524459905,Miguel,Betancourt,miguel.betancourt@sakilacustomer.org
449,474047727727,Oscar,Aquino,oscar.aquino@sakilacustomer.org
450,834061016202,Jay,Robb,jay.robb@sakilacustomer.org
451,524567129902,Jim,Rea,jim.rea@sakilacustomer.org
452,985109775584,Tom,Milner,tom.milner@sakilacustomer.org
453,974433019532,Calvin,Martel,calvin.martel@sakilacustomer.org
454,118011831565,Alex,Gresham,alex.gresham@sakilacustomer.org
455,205524798287,Jon,Wiles,jon.wiles@sakilacustomer.org
456,670370974122,Ronnie,Ricketts,ronnie.ricketts@sakilacustomer.org
457,924663855568,Bill,Gavin,bill.gavin@sakilacustomer.org
458,335052544020,Lloyd,Dowd,lloyd.dowd@sakilacustomer.org
459,762361821578,Tommy,Collazo,tommy.collazo@sakilacustomer.org
460,366776723320,Leon,Bostic,leon.bostic@sakilacustomer.org
461,325526730021,Derek,Blakely,derek.blakely@sakilacustomer.org
462,209342540247,Warren,Sherrod,warren.sherrod@sakilacustomer.org
463,164414772677,Darrell,Power,darrell.power@sakilacustomer.org
464,928809465153,Jerome,Kenyon,jerome.kenyon@sakilacustomer.org
465,49084281333,Floyd,Gandy,floyd.gandy@sakilacustomer.org
466,268053970382,Leo,Ebert,leo.ebert@sakilacustomer.org
467,769370126331,Alvin,Deloach,alvin.deloach@sakilacustomer.org
468,195337700615,Tim,Cary,tim.cary@sakilacustomer.org
469,622884741180,Wesley,Bull,wesley.bull@sakilacustomer.org
470,562370137426,Gordon,Allard,gordon.allard@sakilacustomer.org
471,248446668735,Dean,Sauer,dean.sauer@sakilacustomer.org
472,206060652238,Greg,Robins,greg.robins@sakilacustomer.org
473,932992626595,Jorge,Olivares,jorge.olivares@sakilacustomer.org
474,131912793873,Dustin,Gillette,dustin.gillette@sakilacustomer.org
475,726875628268,Pedro,Chestnut,pedro.chestnut@sakilacustomer.org
476,856872225376,Derrick,Bourque,derrick.bourque@sakilacustomer.org
477,553452430707,Dan,Paine,dan.paine@sakilacustomer.org
478,667648979883,Lewis,Lyman,lewis.lyman@sakilacustomer.org
479,191958435142,Zachary,Hite,zachary.hite@sakilacustomer.org
480,435118527255,Corey,Hauser,corey.hauser@sakilacustomer.org
481,510383179153,Herman,Devore,herman.devore@sakilacustomer.org
482,684529463244,Maurice,Crawley,maurice.crawley@sakilacustomer.org
483,975185523021,Vernon,Chapa,vernon.chapa@sakilacustomer.org
484,508348602835,Roberto,Vu,roberto.vu@sakilacustomer.org
485,702955450528,Clyde,Tobias,clyde.tobias@sakilacustomer.org
486,936806643983,Glen,Talbert,glen.talbert@sakilacustomer.org
487,589377568313,Hector,Poindexter,hector.poindexter@sakilacustomer.org
488,488425406814,Shane,Millard,shane.millard@sakilacustomer.org
489,37247325001,Ricardo,Meador,ricardo.meador@sakilacustomer.org
490,17305839123,Sam,Mcduffie,sam.mcduffie@sakilacustomer.org
491,171973024401,Rick,Mattox,rick.mattox@sakilacustomer.org
492,158399646978,Lester,Kraus,lester.kraus@sakilacustomer.org
493,854259976812,Brent,Harkins,brent.harkins@sakilacustomer.org
494,898559280434,Ramon,Choate,ramon.choate@sakilacustomer.org
495,962020153680,Charlie,Bess,charlie.bess@sakilacustomer.org
496,211256301880,Tyler,Wren,tyler.wren@sakilacustomer.org
497,959467760895,Gilbert,Sledge,gilbert.sledge@sakilacustomer.org
498,144206758053,Gene,Sanborn,gene.sanborn@sakilacustomer.org
499,465897838272,Marc,Outlaw,marc.outlaw@sakilacustomer.org
500,793996678771,Reginald,Kinder,reginald.kinder@sakilacustomer.org
501,52709222667,Ruben,Geary,ruben.geary@sakilacustomer.org
502,868602816371,Brett,Cornwell,brett.cornwell@sakilacustomer.org
503,759586584889,Angel,Barclay,angel.barclay@sakilacustomer.org
504,111177206479,Nathaniel,Adam,nathaniel.adam@sakilacustomer.org
505,82671830126,Rafael,Abney,rafael.abney@sakilacustomer.org
506,131370665218,Leslie,Seward,leslie.seward@sakilacustomer.org
507,402630109080,Edgar,Rhoads,edgar.rhoads@sakilacustomer.org
508,441628280920,Milton,Howland,milton.howland@sakilacustomer.org
509,442673923363,Raul,Fortier,raul.fortier@sakilacustomer.org
510,711928348157,Ben,Easter,ben.easter@sakilacustomer.org
511,59634255214,Chester,Benner,chester.benner@sakilacustomer.org
512,879347453467,Cecil,Vines,cecil.vines@sakilacustomer.org
513,282667506728,Duane,Tubbs,duane.tubbs@sakilacustomer.org
514,288910576761,Franklin,Troutman,franklin.troutman@sakilacustomer.org
515,602101369463,Andre,Rapp,andre.rapp@sakilacustomer.org
516,448876499197,Elmer,Noe,elmer.noe@sakilacustomer.org
517,627425618482,Brad,Mccurdy,brad.mccurdy@sakilacustomer.org
518,158326114853,Gabriel,Harder,gabriel.harder@sakilacustomer.org
519,132100972047,Ron,Deluca,ron.deluca@sakilacustomer.org
520,574973479129,Mitchell,Westmoreland,mitchell.westmoreland@sakilacustomer.org
521,25865528181,Roland,South,roland.south@sakilacustomer.org
522,236679267178,Arnold,Havens,arnold.havens@sakilacustomer.org
523,638409958875,Harvey,Guajardo,harvey.guajardo@sakilacustomer.org
525,182059202712,Adrian,Clary,adrian.clary@sakilacustomer.org
526,214756839122,Karl,Seal,karl.seal@sakilacustomer.org
527,338244023543,Cory,Meehan,cory.meehan@sakilacustomer.org
528,105882218332,Claude,Herzog,claude.herzog@sakilacustomer.org
529,80593242951,Erik,Guillen,erik.guillen@sakilacustomer.org
530,717566026669,Darryl,Ashcraft,darryl.ashcraft@sakilacustomer.org
531,427274926505,Jamie,Waugh,jamie.waugh@sakilacustomer.org
532,478380208348,Neil,Renner,neil.renner@sakilacustomer.org
533,383353187467,Jessie,Milam,jessie.milam@sakilacustomer.org
534,122981120653,Christian,Jung,christian.jung@sakilacustomer.org
535,8912935608,Javier,Elrod,javier.elrod@sakilacustomer.org
536,745267607502,Fernando,Churchill,fernando.churchill@sakilacustomer.org
537,484500282381,Clinton,Buford,clinton.buford@sakilacustomer.org
538,488600270038,Ted,Breaux,ted.breaux@sakilacustomer.org
539,754579047924,Mathew,Bolin,mathew.bolin@sakilacustomer.org
540,932156667696,Tyrone,Asher,tyrone.asher@sakilacustomer.org
541,921960450089,Darren,Windham,darren.windham@sakilacustomer.org
542,784907335610,Lonnie,Tirado,lonnie.tirado@sakilacustomer.org
543,786270036240,Lance,Pemberton,lance.pemberton@sakilacustomer.org
544,169352919175,Cody,Nolen,cody.nolen@sakilacustomer.org
545,426346224043,Julio,Noland,julio.noland@sakilacustomer.org
546,357593328658,Kelly,Knott,kelly.knott@sakilacustomer.org
547,135407755975,Kurt,Emmons,kurt.emmons@sakilacustomer.org
548,50898428626,Allan,Cornish,allan.cornish@sakilacustomer.org
549,84794532510,Nelson,Christenson,nelson.christenson@sakilacustomer.org
550,978430786151,Guy,Brownlee,guy.brownlee@sakilacustomer.org
551,380077794770,Clayton,Barbee,clayton.barbee@sakilacustomer.org
552,955349440539,Hugh,Waldrop,hugh.waldrop@sakilacustomer.org
553,698182547686,Max,Pitt,max.pitt@sakilacustomer.org
554,62127829280,Dwayne,Olvera,dwayne.olvera@sakilacustomer.org
555,368738360376,Dwight,Lombardi,dwight.lombardi@sakilacustomer.org
556,590764256785,Armando,Gruber,armando.gruber@sakilacustomer.org
557,107092893983,Felix,Gaffney,felix.gaffney@sakilacustomer.org
558,970638808606,Jimmie,Eggleston,jimmie.eggleston@sakilacustomer.org
559,855066328617,Everett,Banda,everett.banda@sakilacustomer.org
560,817740355461,Jordan,Archuleta,jordan.archuleta@sakilacustomer.org
561,239357986667,Ian,Still,ian.still@sakilacustomer.org
562,946114054231,Wallace,Slone,wallace.slone@sakilacustomer.org
563,997453607116,Ken,Prewitt,ken.prewitt@sakilacustomer.org
564,203202500108,Bob,Pfeiffer,bob.pfeiffer@sakilacustomer.org
565,863080561151,Jaime,Nettles,jaime.nettles@sakilacustomer.org
566,525518075499,Casey,Mena,casey.mena@sakilacustomer.org
567,324346485054,Alfredo,Mcadams,alfredo.mcadams@sakilacustomer.org
568,618156722572,Alberto,Henning,alberto.henning@sakilacustomer.org
569,128499386727,Dave,Gardiner,dave.gardiner@sakilacustomer.org
570,203804046132,Ivan,Cromwell,ivan.cromwell@sakilacustomer.org
571,770864062795,Johnnie,Chisholm,johnnie.chisholm@sakilacustomer.org
572,867287719310,Sidney,Burleson,sidney.burleson@sakilacustomer.org
573,844018348565,Byron,Box,byron.box@sakilacustomer.org
574,315528269898,Julian,Vest,julian.vest@sakilacustomer.org
575,14465669789,Isaac,Oglesby,isaac.oglesby@sakilacustomer.org
576,278669994384,Morris,Mccarter,morris.mccarter@sakilacustomer.org
577,29341849811,Clifton,Malcolm,clifton.malcolm@sakilacustomer.org
578,377633994405,Willard,Lumpkin,willard.lumpkin@sakilacustomer.org
579,954786054144,Daryl,Larue,daryl.larue@sakilacustomer.org
580,165164761435,Ross,Grey,ross.grey@sakilacustomer.org
581,294449058179,Virgil,Wofford,virgil.wofford@sakilacustomer.org
582,995527378381,Andy,Vanhorn,andy.vanhorn@sakilacustomer.org
583,285710089439,Marshall,Thorn,marshall.thorn@sakilacustomer.org
584,170115379190,Salvador,Teel,salvador.teel@sakilacustomer.org
585,914466027044,Perry,Swafford,perry.swafford@sakilacustomer.org
586,182178609211,Kirk,Stclair,kirk.stclair@sakilacustomer.org
587,387448063440,Sergio,Stanfield,sergio.stanfield@sakilacustomer.org
588,338758048786,Marion,Ocampo,marion.ocampo@sakilacustomer.org
589,154124128457,Tracy,Herrmann,tracy.herrmann@sakilacustomer.org
590,864392582257,Seth,Hannon,seth.hannon@sakilacustomer.org
591,410877354933,Kent,Arsenault,kent.arsenault@sakilacustomer.org
592,437829801725,Terrance,Roush,terrance.roush@sakilacustomer.org
593,137809746111,Rene,Mcalister,rene.mcalister@sakilacustomer.org
594,640843562301,Eduardo,Hiatt,eduardo.hiatt@sakilacustomer.org
595,935952366111,Terrence,Gunderson,terrence.gunderson@sakilacustomer.org
596,199514580428,Enrique,Forsythe,enrique.forsythe@sakilacustomer.org
597,644021380889,Freddie,Duggan,freddie.duggan@sakilacustomer.org
598,145308717464,Wade,Delvalle,wade.delvalle@sakilacustomer.org
599,288241215394,Austin,Cintron,austin.cintron@sakilacustomer.org
